"Number","GPO","Title","Type","Expected","Actual","Status","Details"
"1.1.2","","Ensure 'Maximum password age' is set to '365 or fewer days, but not 0' (Automated)","AccountPolicy","365 or fewer days, but not 0","180","PASS",""
"1.1.7","","Ensure 'Store passwords using reversible encryption' is set to 'Disabled' (Automated)","AccountPolicy","Disabled","1","FAIL",""
"1.2.1","","Ensure 'Account lockout duration' is set to '15 or more minute(s)' (Automated)","AccountPolicy","15 or more minute(s)","-1","FAIL",""
"1.2.4","","Ensure 'Reset account lockout counter after' is set to '15 or more minute(s)' (Automated)","AccountPolicy","15 or more minute(s)","1440","PASS",""
"17.1.1","Enterprise -Audit Settings","Ensure 'Audit Credential Validation' is set to 'Success and Failure' (Automated)","AuditPol","Success and Failure","NOT FOUND","MISSING","auditpol output not parsed"
"17.2.1","Enterprise -Audit Settings","Ensure 'Audit Application Group Management' is set to 'Success and Failure' (Automated)","AuditPol","Success and Failure","NOT FOUND","MISSING","auditpol output not parsed"
"17.2.2","Enterprise -Audit Settings","Ensure 'Audit Security Group Management' is set to include 'Success' (Automated)","AuditPol","Success","NOT FOUND","MISSING","auditpol output not parsed"
"17.2.3","Enterprise -Audit Settings","Ensure 'Audit User Account Management' is set to 'Success and Failure' (Automated)","AuditPol","Success and Failure","NOT FOUND","MISSING","auditpol output not parsed"
"17.3.1","Enterprise -Audit Settings","Ensure 'Audit PNP Activity' is set to include 'Success' (Automated)","AuditPol","Success","NOT FOUND","MISSING","auditpol output not parsed"
"17.3.2","Enterprise -Audit Settings","Ensure 'Audit Process Creation' is set to include 'Success' (Automated)","AuditPol","Success","NOT FOUND","MISSING","auditpol output not parsed"
"17.5.1","Enterprise -Audit Settings","Ensure 'Audit Account Lockout' is set to include 'Failure' (Automated)","AuditPol","Failure","NOT FOUND","MISSING","auditpol output not parsed"
"17.5.2","Enterprise -Audit Settings","Ensure 'Audit Group Membership' is set to include 'Success' (Automated)","AuditPol","Success","NOT FOUND","MISSING","auditpol output not parsed"
"17.5.3","Enterprise -Audit Settings","Ensure 'Audit Logoff' is set to include 'Success' (Automated)","AuditPol","Success","NOT FOUND","MISSING","auditpol output not parsed"
"17.5.4","Enterprise -Audit Settings","Ensure 'Audit Logon' is set to 'Success and Failure' (Automated)","AuditPol","Success and Failure","NOT FOUND","MISSING","auditpol output not parsed"
"17.5.5","Enterprise -Audit Settings","Ensure 'Audit Other Logon/Logoff Events' is set to 'Success and Failure' (Automated)","AuditPol","Success and Failure","NOT FOUND","MISSING","auditpol output not parsed"
"17.5.6","Enterprise -Audit Settings","Ensure 'Audit Special Logon' is set to include 'Success' (Automated)","AuditPol","Success","NOT FOUND","MISSING","auditpol output not parsed"
"17.6.3","Enterprise -Audit Settings","Ensure 'Audit Other Object Access Events' is set to 'Success and Failure' (Automated)","AuditPol","Success and Failure","NOT FOUND","MISSING","auditpol output not parsed"
"17.6.4","Enterprise -Audit Settings","Ensure 'Audit Removable Storage' is set to 'Success and Failure' (Automated)","AuditPol","Success and Failure","NOT FOUND","MISSING","auditpol output not parsed"
"17.7.1","Enterprise -Audit Settings","Ensure 'Audit Audit Policy Change' is set to include 'Success' (Automated)","AuditPol","Success","NOT FOUND","MISSING","auditpol output not parsed"
"17.7.2","Enterprise -Audit Settings","Ensure 'Audit Authentication Policy Change' is set to include 'Success' (Automated)","AuditPol","Success","NOT FOUND","MISSING","auditpol output not parsed"
"17.7.3","Enterprise -Audit Settings","Ensure 'Audit Authorization Policy Change' is set to include 'Success' (Automated)","AuditPol","Success","NOT FOUND","MISSING","auditpol output not parsed"
"17.7.4","Enterprise -Audit Settings","Ensure 'Audit MPSSVC Rule-Level Policy Change' is set to 'Success and Failure' (Automated)","AuditPol","Success and Failure","NOT FOUND","MISSING","auditpol output not parsed"
"17.7.5","Enterprise -Audit Settings","Ensure 'Audit Other Policy Change Events' is set to include 'Failure' (Automated)","AuditPol","Failure","NOT FOUND","MISSING","auditpol output not parsed"
"17.8.1","Enterprise -Audit Settings","Ensure 'Audit Sensitive Privilege Use' is set to 'Success and Failure' (Automated)","AuditPol","Success and Failure","NOT FOUND","MISSING","auditpol output not parsed"
"17.9.1","Enterprise -Audit Settings","Ensure 'Audit IPsec Driver' is set to 'Success and Failure' (Automated)","AuditPol","Success and Failure","NOT FOUND","MISSING","auditpol output not parsed"
"17.9.2","Enterprise -Audit Settings","Ensure 'Audit Other System Events' is set to 'Success and Failure' (Automated)","AuditPol","Success and Failure","NOT FOUND","MISSING","auditpol output not parsed"
"17.9.3","Enterprise -Audit Settings","Ensure 'Audit Security State Change' is set to include 'Success' (Automated)","AuditPol","Success","NOT FOUND","MISSING","auditpol output not parsed"
"17.9.4","Enterprise -Audit Settings","Ensure 'Audit Security System Extension' is set to include 'Success' (Automated)","AuditPol","Success","NOT FOUND","MISSING","auditpol output not parsed"
"17.9.5","Enterprise -Audit Settings","Ensure 'Audit System Integrity' is set to 'Success and Failure' (Automated)","AuditPol","Success and Failure","NOT FOUND","MISSING","auditpol output not parsed"
"18.1.1.1","Enterprise - Misc","Ensure 'Prevent enabling lock screen camera' is set to 'Enabled' (Automated)","Registry","1","1","PASS",""
"18.1.1.2","Enterprise - Misc","Ensure 'Prevent enabling lock screen slide show' is set to 'Enabled' (Automated)","Registry","1","NOT FOUND","MISSING","Key/value not present"
"18.1.2.2","Enterprise - Misc","Ensure 'Allow users to enable online speech recognition services' is set to 'Disabled' (Automated)","Registry","0","NOT FOUND","MISSING","Key/value not present"
"18.10.13.3","Enterprise - Misc","Ensure 'Turn off Microsoft consumer experiences' is set to 'Enabled' (Automated)","Registry","1","NOT FOUND","MISSING","Key/value not present"
"18.10.14.1","Enterprise - Misc","Ensure 'Require pin for pairing' is set to 'Enabled: First Time' OR 'Enabled: Always' (Automated)","Registry","1","1","PASS",""
"18.10.15.2","Enterprise - Set Default Settings","Ensure 'Enumerate administrator accounts on elevation' is set to 'Disabled' (Automated)","Registry","0","NOT FOUND","MISSING","Key/value not present"
"18.10.15.3","Enterprise - Misc","Ensure 'Prevent the use of security questions for local accounts' is set to 'Enabled' (Automated)","Registry","1","1","PASS",""
"18.10.16.1","Enterprise - Misc","Ensure 'Allow Diagnostic Data' is set to 'Enabled: Diagnostic data off (not recommended)' or 'Enabled: Send required diagnostic data' (Automated)","Registry","0","1","FAIL",""
"18.10.16.3","Enterprise - Misc","Ensure 'Disable OneSettings Downloads' is set to 'Enabled' (Automated)","Registry","1","NOT FOUND","MISSING","Key/value not present"
"18.10.16.4","Enterprise - Misc","Ensure 'Do not show feedback notifications' is set to 'Enabled' (Automated)","Registry","1","NOT FOUND","MISSING","Key/value not present"
"18.10.16.5","Enterprise - Misc","Ensure 'Enable OneSettings Auditing' is set to 'Enabled' (Automated)","Registry","1","NOT FOUND","MISSING","Key/value not present"
"18.10.16.6","Enterprise - Misc","Ensure 'Limit Diagnostic Log Collection' is set to 'Enabled' (Automated)","Registry","1","NOT FOUND","MISSING","Key/value not present"
"18.10.16.7","Enterprise - Misc","Ensure 'Limit Dump Collection' is set to 'Enabled' (Automated)","Registry","1","1","PASS",""
"18.10.17.1","Enterprise - Misc","Ensure 'Download Mode' is NOT set to 'Enabled: Internet' (Automated)","Registry","anything","NOT FOUND","MISSING","Key/value not present"
"18.10.26.1.1","Enterprise - Set Default Settings","Ensure 'Application: Control Event Log behavior when the log file reaches its maximum size' is set to 'Disabled' (Automated)","Registry","0","0","PASS",""
"18.10.26.1.2","Enterprise - Logging","Ensure 'Application: Specify the maximum log file size (KB)' is set to 'Enabled: 32,768 or greater' (Automated)","Registry","32768","32768","PASS",""
"18.10.26.2.1","Enterprise - Set Default Settings","Ensure 'Security: Control Event Log behavior when the log file reaches its maximum size' is set to 'Disabled' (Automated)","Registry","0","0","PASS",""
"18.10.26.2.2","Enterprise - Logging","Ensure 'Security: Specify the maximum log file size (KB)' is set to 'Enabled: 196,608 or greater' (Automated)","Registry","196608","196608","PASS",""
"18.10.26.3.1","Enterprise - Set Default Settings","Ensure 'Setup: Control Event Log behavior when the log file reaches its maximum size' is set to 'Disabled' (Automated)","Registry","0","0","PASS",""
"18.10.26.3.2","Enterprise - Logging","Ensure 'Setup: Specify the maximum log file size (KB)' is set to 'Enabled: 32,768 or greater' (Automated)","Registry","32768","32768","PASS",""
"18.10.26.4.1","Enterprise - Set Default Settings","Ensure 'System: Control Event Log behavior when the log file reaches its maximum size' is set to 'Disabled' (Automated)","Registry","0","0","PASS",""
"18.10.26.4.2","Enterprise - Logging","Ensure 'System: Specify the maximum log file size (KB)' is set to 'Enabled: 32,768 or greater' (Automated)","Registry","32768","32768","PASS",""
"18.10.29.3","Enterprise - Set Default Settings","Ensure 'Turn off Data Execution Prevention for Explorer' is set to 'Disabled' (Automated)","Registry","0","0","PASS",""
"18.10.29.4","Enterprise - Set Default Settings","Ensure 'Do not apply the Mark of the Web tag to files copied from insecure sources' is set to 'Disabled' (Automated)","Registry","0","NOT FOUND","MISSING","Key/value not present"
"18.10.29.5","Enterprise - Set Default Settings","Ensure 'Turn off heap termination on corruption' is set to 'Disabled' (Automated)","Registry","0","NOT FOUND","MISSING","Key/value not present"
"18.10.29.6","Enterprise - Set Default Settings","Ensure 'Turn off shell protocol protected mode' is set to 'Disabled' (Automated)","Registry","0","NOT FOUND","MISSING","Key/value not present"
"18.10.43.5.1","Enterprise - Set Default Settings","Ensure 'Configure local setting override for reporting to Microsoft MAPS' is set to 'Disabled' (Automated)","Registry","0","0","PASS",""
"18.10.5.1","Enterprise - Misc","Ensure 'Let Windows apps activate with voice while the system is locked' is set to 'Enabled: Force Deny' (Automated)","Registry","2","NOT FOUND","MISSING","Key/value not present"
"18.10.57.3.11.1","Enterprise -RDP Hardening","Ensure 'Do not delete temp folders upon exit' is set to 'Disabled' (Automated)","Registry","1","1","PASS",""
"18.10.57.3.3.3","Enterprise -RDP Hardening","Ensure 'Do not allow drive redirection' is set to 'Enabled' (Automated)","Registry","1","1","PASS",""
"18.10.57.3.9.2","Enterprise -RDP Hardening","Ensure 'Require secure RPC communication' is set to 'Enabled' (Automated)","Registry","1","1","PASS",""
"18.10.57.3.9.3","Enterprise -RDP Hardening","Ensure 'Require use of specific security layer for remote (RDP) connections' is set to 'Enabled: SSL' (Automated)","Registry","2","2","PASS",""
"18.10.57.3.9.4","Enterprise -RDP Hardening","Ensure 'Require user authentication for remote connections by using Network Level Authentication' is set to 'Enabled' (Automated)","Registry","1","1","PASS",""
"18.10.57.3.9.5","Enterprise -RDP Hardening","Ensure 'Set client connection encryption level' is set to 'Enabled: High Level' (Automated)","Registry","3","3","PASS",""
"18.10.58.1","Enterprise - Misc","Ensure 'Prevent downloading of enclosures' is set to 'Enabled' (Automated)","Registry","1","1","PASS",""
"18.10.58.2","Enterprise - Set Default Settings","Ensure 'Turn on Basic feed authentication over HTTP' is set to 'Disabled' (Automated)","Registry","0","NOT FOUND","MISSING","Key/value not present"
"18.10.6.1","Enterprise - Misc","Ensure 'Allow Microsoft accounts to be optional' is set to 'Enabled' (Automated)","Registry","1","1","PASS",""
"18.10.66.2","Enterprise - Set Default Settings","Ensure 'Turn off Automatic Download and Install of updates' is set to 'Disabled' (Automated)","Registry","4","4","PASS",""
"18.10.72.1","Enterprise - Misc","Ensure 'Allow widgets' is set to 'Disabled' (Automated)","Registry","0","0","PASS",""
"18.10.78.1","Enterprise - Misc","Ensure 'Enables or disables Windows Game Recording and Broadcasting' is set to 'Disabled' (Automated)","Registry","0","0","PASS",""
"18.10.79.1","Enterprise - Set Default Settings","Ensure 'Enable ESS with Supported Peripherals' is set to 'Enabled: 1' (Automated)","Registry","1","NOT FOUND","MISSING","Key/value not present"
"18.10.8.1","Enterprise - Misc","Ensure 'Disallow Autoplay for non-volume devices' is set to 'Enabled' (Automated)","Registry","1","1","PASS",""
"18.10.8.2","Enterprise - Misc","Ensure 'Set the default behavior for AutoRun' is set to 'Enabled: Do not execute any autorun commands' (Automated)","Registry","1","1","PASS",""
"18.10.8.3","Enterprise - Misc","Ensure 'Turn off Autoplay' is set to 'Enabled: All drives' (Automated)","Registry","255","NOT FOUND","MISSING","Key/value not present"
"18.10.80.2","Enterprise - Misc","Ensure 'Allow Windows Ink Workspace' is set to 'Enabled: On, but disallow access above lock' OR 'Enabled: Disabled' (Automated)","Registry","0","1","FAIL",""
"18.10.81.1","Enterprise - Set Default Settings","Ensure 'Allow user control over installs' is set to 'Disabled' (Automated)","Registry","0","0","PASS",""
"18.10.81.2","FCTG-Disable Windows Installer","Ensure 'Always install with elevated privileges' is set to 'Disabled' (Automated)","Registry","0","0","PASS",""
"18.10.82.1","Enterprise - Set Default Settings","Ensure 'Configure the transmission of the user's password in the content of MPR notifications sent by winlogon.' is set to 'Disabled' (Automated)","Registry","0","0","PASS",""
"18.10.82.2","Enterprise - Misc","Ensure 'Sign-in and lock last interactive user automatically after a restart' is set to 'Disabled' (Automated)","Registry","1","NOT FOUND","MISSING","Key/value not present"
"18.10.89.1.1","Enterprise - Set Default Settings","Ensure 'Allow Basic authentication' is set to 'Disabled' (Automated)","Registry","0","0","PASS",""
"18.10.89.1.2","Enterprise - Set Default Settings","Ensure 'Allow unencrypted traffic' is set to 'Disabled' (Automated)","Registry","0","0","PASS",""
"18.10.89.2.1","Enterprise - Set Default Settings","Ensure 'Allow Basic authentication' is set to 'Disabled' (Automated)","Registry","0","0","PASS",""
"18.10.89.2.3","Enterprise - Set Default Settings","Ensure 'Allow unencrypted traffic' is set to 'Disabled' (Automated)","Registry","0","NOT FOUND","MISSING","Key/value not present"
"18.10.9.1.1","Enterprise - Misc","Ensure 'Configure enhanced anti-spoofing' is set to 'Enabled' (Automated)","Registry","1","NOT FOUND","MISSING","Key/value not present"
"18.10.91.1","Enterprise - Misc","Ensure 'Allow clipboard sharing with Windows Sandbox' is set to 'Disabled' (Automated)","Registry","0","0","PASS",""
"18.10.91.3","Enterprise - Misc","Ensure 'Allow networking in Windows Sandbox' is set to 'Disabled' (Automated)","Registry","0","0","PASS",""
"18.4.1","Enterprise - Set Default Settings","Ensure 'Apply UAC restrictions to local accounts on network logons' is set to 'Enabled' (Automated)","Registry","0","NOT FOUND","MISSING","Key/value not present"
"18.4.5","Enterprise - Misc","Ensure 'Enable Structured Exception Handling Overwrite Protection (SEHOP)' is set to 'Enabled' (Automated)","Registry","0","0","PASS",""
"18.4.6","Enterprise - Misc","Ensure 'NetBT NodeType configuration' is set to 'Enabled: P-node (recommended)' (Automated)","Registry","2","2","PASS",""
"18.4.7","MDIR-1.16_18-PwdPol_Wdigest","Ensure 'WDigest Authentication' is set to 'Disabled' (Automated)","Registry","0","NOT FOUND","MISSING","Key/value not present"
"18.5.1","Enterprise - Set Default Settings","Ensure 'MSS: (AutoAdminLogon) Enable Automatic Logon' is set to 'Disabled' (Automated)","Registry","0","0","PASS",""
"18.5.13","Enterprise - Misc","Ensure 'MSS: (WarningLevel) Percentage threshold for the security event log at which the system will generate a warning' is set to 'Enabled: 90% or less' (Automated)","Registry","90","90","PASS",""
"18.5.2","Enterprise - Misc","Ensure 'MSS: (DisableIPSourceRouting IPv6) IP source routing protection level' is set to 'Enabled: Highest protection, source routing is completely disabled' (Automated)","Registry","2","NOT FOUND","MISSING","Key/value not present"
"18.5.3","Enterprise - Misc","Ensure 'MSS: (DisableIPSourceRouting) IP source routing protection level' is set to 'Enabled: Highest protection, source routing is completely disabled' (Automated)","Registry","2","NOT FOUND","MISSING","Key/value not present"
"18.5.5","Enterprise - Misc","Ensure 'MSS: (EnableICMPRedirect) Allow ICMP redirects to override OSPF generated routes' is set to 'Disabled' (Automated)","Registry","0","1","FAIL",""
"18.5.7","Enterprise - Set Default Settings","Ensure 'MSS: (NoNameReleaseOnDemand) Allow the computer to ignore NetBIOS name release requests except from WINS servers' is set to 'Enabled' (Automated)","Registry","1","1","PASS",""
"18.5.9","Enterprise - Set Default Settings","Ensure 'MSS: (SafeDllSearchMode) Enable Safe DLL search mode' is set to 'Enabled' (Automated)","Registry","1","1","PASS",""
"18.6.7.1","Enterprise - Security defaults","Ensure 'Audit client does not support encryption' is set to 'Enabled' (Automated)","Registry","1","NOT FOUND","MISSING","Key/value not present"
"18.6.7.2","Enterprise - Security defaults","Ensure 'Audit client does not support signing' is set to 'Enabled' (Automated)","Registry","1","NOT FOUND","MISSING","Key/value not present"
"18.6.7.3","Enterprise - Security defaults","Ensure 'Audit insecure guest logon' is set to 'Enabled' (Automated)","Registry","1","1","PASS",""
"18.6.7.4","Enterprise - Security defaults","Ensure 'Enable authentication rate limiter' is set to 'Enabled' (Automated)","Registry","1","1","PASS",""
"18.6.7.5","Enterprise - Security defaults","Ensure 'Enable remote mailslots' is set to 'Disabled' (Automated)","Registry","0","1","FAIL",""
"18.6.7.6","Enterprise - Security defaults","Ensure 'Mandate the minimum version of SMB' is set to 'Enabled: 3.1.1' (Automated)","Registry","785","785","PASS",""
"18.6.7.7","Enterprise - Security defaults","Ensure 'Set authentication rate limiter delay (milliseconds)' is set to 'Enabled: 2000' or more (Automated)","Registry","2000","NOT FOUND","MISSING","Key/value not present"
"18.6.8.1","Enterprise - Security defaults","Ensure 'Audit insecure guest logon' is set to 'Enabled' (Automated)","Registry","1","NOT FOUND","MISSING","Key/value not present"
"18.6.8.2","Enterprise - Security defaults","Ensure 'Audit server does not support encryption' is set to 'Enabled' (Automated)","Registry","1","NOT FOUND","MISSING","Key/value not present"
"18.6.8.3","Enterprise - Security defaults","Ensure 'Audit server does not support signing' is set to 'Enabled' (Automated)","Registry","1","NOT FOUND","MISSING","Key/value not present"
"18.6.8.4","Enterprise - Security defaults","Ensure 'Enable insecure guest logons' is set to 'Disabled' (Automated)","Registry","0","NOT FOUND","MISSING","Key/value not present"
"18.6.8.5","Enterprise - Security defaults","Ensure 'Enable remote mailslots' is set to 'Disabled' (Automated)","Registry","0","0","PASS",""
"18.6.8.6","Enterprise - Security defaults","Ensure 'Mandate the minimum version of SMB' is set to 'Enabled: 3.1.1' (Automated)","Registry","785","785","PASS",""
"18.6.8.7","Enterprise - Security defaults","Ensure 'Require Encryption' is set to 'Enabled' (Automated)","Registry","1","1","PASS",""
"18.7.10","Enterprise - Set Default Settings","Ensure 'Limits print driver installation to Administrators' is set to 'Enabled' (Automated)","Registry","1","1","PASS",""
"18.7.11","Enterprise - Set Default Settings","Ensure 'Manage processing of Queue-specific files' is set to 'Enabled: Limit Queue-specific files to Color profiles' (Automated)","Registry","1","1","PASS",""
"18.7.12","Enterprise - Set Default Settings","Ensure 'Point and Print Restrictions: When installing drivers for a new connection' is set to 'Enabled: Show warning and elevation prompt' (Automated)","Registry","0","1","FAIL",""
"18.7.13","Enterprise - Set Default Settings","Ensure 'Point and Print Restrictions: When updating drivers for an existing connection' is set to 'Enabled: Show warning and elevation prompt' (Automated)","Registry","0","0","PASS",""
"18.7.2","Enterprise - Set Default Settings","Ensure 'Configure Redirection Guard' is set to 'Enabled: Redirection Guard Enabled' (Automated)","Registry","1","1","PASS",""
"18.7.8","Enterprise - Set Default Settings","Ensure 'Configure RPC packet level privacy setting for incoming connections' is set to 'Enabled' (Automated)","Registry","1","1","PASS",""
"18.9.13.1","Enterprise - Set Default Settings","Ensure 'Boot-Start Driver Initialization Policy' is set to 'Enabled: Good, unknown and bad but critical' (Automated)","Registry","3","NOT FOUND","MISSING","Key/value not present"
"18.9.19.2","Enterprise - GPO Hardening","Ensure 'Configure registry policy processing: Do not apply during periodic background processing' is set to 'Enabled: FALSE' (Automated)","Registry","0","0","PASS",""
"18.9.19.3","Enterprise - GPO Hardening","Ensure 'Configure registry policy processing: Process even if the Group Policy objects have not changed' is set to 'Enabled: TRUE' (Automated)","Registry","0","0","PASS",""
"18.9.19.4","Enterprise - GPO Hardening","Ensure 'Configure security policy processing: Do not apply during periodic background processing' is set to 'Enabled: FALSE' (Automated)","Registry","0","0","PASS",""
"18.9.19.5","Enterprise - GPO Hardening","Ensure 'Configure security policy processing: Process even if the Group Policy objects have not changed' is set to 'Enabled: TRUE' (Automated)","Registry","0","0","PASS",""
"18.9.19.6","Enterprise - GPO Hardening","Ensure 'Continue experiences on this device' is set to 'Disabled' (Automated)","Registry","0","0","PASS",""
"18.9.19.7","Enterprise - GPO Hardening","Ensure 'Turn off background refresh of Group Policy' is set to 'Disabled' (Automated)","Registry","","NOT FOUND","MISSING","Key/value not present"
"18.9.20.1.2","Enterprise - Misc","Ensure 'Turn off downloading of print drivers over HTTP' is set to 'Enabled' (Automated)","Registry","1","1","PASS",""
"18.9.20.1.6","Enterprise - Misc","Ensure 'Turn off Internet download for Web publishing and online ordering wizards' is set to 'Enabled' (Automated)","Registry","1","NOT FOUND","MISSING","Key/value not present"
"18.9.25.1","Enterprise - LAPS","Ensure 'Configure password backup directory' is set to 'Enabled: Active Directory' or 'Enabled: Azure Active Directory' (Automated)","Registry","1","1","PASS",""
"18.9.25.2","MDIR-1.17-LAPS","Ensure 'Do not allow password expiration time longer than required by policy' is set to 'Enabled' (Automated)","Registry","1","NOT FOUND","MISSING","Key/value not present"
"18.9.25.3","Enterprise - Set Default Settings","Ensure 'Enable password encryption' is set to 'Enabled' (Automated)","Registry","1","NOT FOUND","MISSING","Key/value not present"
"18.9.25.4","Enterprise - Set Default Settings","Ensure 'Password Settings: Password Complexity' is set to 'Enabled: Large letters + small letters + numbers + special characters' (Automated)","Registry","4","NOT FOUND","MISSING","Key/value not present"
"18.9.25.5","Enterprise - LAPS","Ensure 'Password Settings: Password Length' is set to 'Enabled: 15 or more' (Automated)","Registry","15","30","FAIL",""
"18.9.25.6","Enterprise - Set Default Settings","Ensure 'Password Settings: Password Age (Days)' is set to 'Enabled: 30 or fewer' (Automated)","Registry","30","30","PASS",""
"18.9.25.7","Enterprise - LAPS","Ensure 'Post-authentication actions: Grace period (hours)' is set to 'Enabled: 8 or fewer hours, but not 0' (Automated)","Registry","8","NOT FOUND","MISSING","Key/value not present"
"18.9.25.8","Enterprise - LAPS","Ensure 'Post-authentication actions: Actions' is set to 'Enabled: Reset the password and logoff the managed account' or higher (Automated)","Registry","3","NOT FOUND","MISSING","Key/value not present"
"18.9.26.1","Enterprise - Misc","Ensure 'Allow Custom SSPs and APs to be loaded into LSASS' is set to 'Disabled' (Automated)","Registry","0","0","PASS",""
"18.9.26.2","Enterprise - Misc","Ensure 'Configures LSASS to run as a protected process' is set to 'Enabled: Enabled with UEFI Lock' (Automated)","Registry","1","1","PASS",""
"18.9.28.1","Enterprise - Misc","Ensure 'Block user from showing account details on sign-in' is set to 'Enabled' (Automated)","Registry","1","NOT FOUND","MISSING","Key/value not present"
"18.9.28.2","Enterprise - Misc","Ensure 'Do not display network selection UI' is set to 'Enabled' (Automated)","Registry","1","1","PASS",""
"18.9.28.3","Enterprise - Misc","Ensure 'Do not enumerate connected users on domain-joined computers' is set to 'Enabled' (Automated)","Registry","1","1","PASS",""
"18.9.28.4","Enterprise - Set Default Settings","Ensure 'Enumerate local users on domain-joined computers' is set to 'Disabled' (Automated)","Registry","0","0","PASS",""
"18.9.28.5","Enterprise - Misc","Ensure 'Turn off app notifications on the lock screen' is set to 'Enabled' (Automated)","Registry","1","NOT FOUND","MISSING","Key/value not present"
"18.9.28.6","Enterprise - Misc","Ensure 'Turn off picture password sign-in' is set to 'Enabled' (Automated)","Registry","1","1","PASS",""
"18.9.30.1.1","Enterprise - Set Default Settings","Ensure 'Block NetBIOS-based discovery for domain controller location' is set to 'Enabled' (Automated)","Registry","1","1","PASS",""
"18.9.33.6.1","Enterprise - Misc","Ensure 'Allow network connectivity during connected-standby (on battery)' is set to 'Disabled' (Automated)","Registry","0","0","PASS",""
"18.9.33.6.2","Enterprise - Misc","Ensure 'Allow network connectivity during connected-standby (plugged in)' is set to 'Disabled' (Automated)","Registry","0","0","PASS",""
"18.9.33.6.5","Enterprise - Set Default Settings","Ensure 'Require a password when a computer wakes (on battery)' is set to 'Enabled' (Automated)","Registry","1","1","PASS",""
"18.9.33.6.6","Enterprise - Set Default Settings","Ensure 'Require a password when a computer wakes (plugged in)' is set to 'Enabled' (Automated)","Registry","1","1","PASS",""
"18.9.35.1","Enterprise - Set Default Settings","Ensure 'Configure Offer Remote Assistance' is set to 'Disabled' (Automated)","Registry","0","0","PASS",""
"18.9.35.2","Enterprise - Misc","Ensure 'Configure Solicited Remote Assistance' is set to 'Disabled' (Automated)","Registry","0","0","PASS",""
"18.9.36.1","Enterprise - Misc","Ensure 'Enable RPC Endpoint Mapper Client Authentication' is set to 'Enabled' (Automated)","Registry","1","1","PASS",""
"18.9.36.2","Enterprise - Set Default Settings","Ensure 'Restrict Unauthenticated RPC clients' is set to 'Enabled: Authenticated' (Automated)","Registry","1","1","PASS",""
"18.9.39.1","Enterprise - Set Default Settings","Ensure 'Configure SAM change password RPC methods policy' is set to 'Enabled: Block all change password RPC methods' (Automated)","Registry","1","NOT FOUND","MISSING","Key/value not present"
"18.9.4.1","Enterprise - Misc","Ensure 'Encryption Oracle Remediation' is set to 'Enabled: Force Updated Clients' (Automated)","Registry","0","NOT FOUND","MISSING","Key/value not present"
"18.9.4.2","Enterprise - Misc","Ensure 'Remote host allows delegation of non- exportable credentials' is set to 'Enabled' (Automated)","Registry","1","NOT FOUND","MISSING","Key/value not present"
"18.9.51.1.1","Enterprise - Misc","Ensure 'Enable Windows NTP Client' is set to 'Enabled' (Automated)","Registry","1","1","PASS",""
"18.9.7.2","Enterprise - Misc","Ensure 'Prevent device metadata retrieval from the Internet' is set to 'Enabled' (Automated)","Registry","1","1","PASS",""
"2.2.10","Enterprise - Set Default Settings","Ensure 'Create a pagefile' is set to 'Administrators' (Automated)","UserRight","Administrators","Administrators, Remote Desktop Users","PASS",""
"2.2.11","Enterprise - Set Default Settings","Ensure 'Create a token object' is set to 'No One' (Automated)","UserRight","No One","Administrators, Remote Desktop Users","PASS",""
"2.2.12","Enterprise - Set Default Settings","Ensure 'Create global objects' is set to 'Administrators, LOCAL SERVICE, NETWORK SERVICE, SERVICE' (Automated)","UserRight","Administrators, LOCAL SERVICE, NETWORK SERVICE, SERVICE","LOCAL SERVICE, NETWORK SERVICE, Administrators, SERVICE","PASS",""
"2.2.13","Enterprise - Set Default Settings","Ensure 'Create permanent shared objects' is set to 'No One' (Automated)","UserRight","No One","LOCAL SERVICE, NETWORK SERVICE, Administrators, SERVICE","PASS",""
"2.2.14","Enterprise - Set Default Settings","Ensure 'Create symbolic links' is set to 'Administrators' (Automated)","UserRight","","LOCAL SERVICE, NETWORK SERVICE, Administrators, SERVICE","REVIEW",""
"2.2.25","Enterprise - Set Default Settings","Ensure 'Increase scheduling priority' is set to 'Administrators, Window Manager\Window Manager Group' (Automated)","UserRight","Administrators, Window Manager\Window Manager Group","Administrators, Window Manager\Window Manager Group","PASS",""
"2.2.27","Enterprise - Set Default Settings","Ensure 'Lock pages in memory' is set to 'No One' (Automated)","UserRight","No One","Administrators, Window Manager\Window Manager Group","PASS",""
"2.2.30","Enterprise - Set Default Settings","Ensure 'Manage auditing and security log' is set to 'Administrators' (Automated)","UserRight","Administrators","Administrators, Window Manager\Window Manager Group","PASS",""
"2.2.31","Enterprise - Set Default Settings","Ensure 'Modify an object label' is set to 'No One' (Automated)","UserRight","No One","","MANUAL","No secedit constant mapped for: Modify an object label"
"2.2.32","Enterprise - Set Default Settings","Ensure 'Modify firmware environment values' is set to 'Administrators' (Automated)","UserRight","Administrators","Administrators, Window Manager\Window Manager Group","PASS",""
"2.2.33","Enterprise - Set Default Settings","Ensure 'Perform volume maintenance tasks' is set to 'Administrators' (Automated)","UserRight","Administrators","","MANUAL","No secedit constant mapped for: Perform volume maintenance tasks"
"2.2.34","Enterprise - Set Default Settings","Ensure 'Profile single process' is set to 'Administrators' (Automated)","UserRight","Administrators","Administrators, Window Manager\Window Manager Group","PASS",""
"2.2.35","Enterprise - Set Default Settings","Ensure 'Profile system performance' is set to 'Administrators, NT SERVICE\WdiServiceHost' (Automated)","UserRight","Administrators, NT SERVICE\WdiServiceHost","Administrators, NT SERVICE\WdiServiceHost","PASS",""
"2.2.39","Enterprise - Set Default Settings","Ensure 'Take ownership of files or other objects' is set to 'Administrators' (Automated)","UserRight","Administrators","Administrators, NT SERVICE\WdiServiceHost","PASS",""
"2.2.6","Enterprise - RDP Hardening","Ensure 'Allow log on through Remote Desktop Services' is set to 'Administrators, Remote Desktop Users' (Automated)","UserRight","Administrators, Remote Desktop Users","Administrators, Remote Desktop Users","PASS",""
"2.3.1.2","Enterprise - Set Default Settings","Ensure 'Accounts: Limit local account use of blank passwords to console logon only' is set to 'Enabled' (Automated)","Registry","1","1","PASS",""
"2.3.10.1","Enterprise - Set Default Settings","Ensure 'Network access: Allow anonymous SID/Name translation' is set to 'Disabled' (Automated)","Other","Disabled","","MANUAL","Verify manually in Local Security Policy / Group Policy"
"2.3.10.10","Enterprise - Set Default Settings","Ensure 'Network access: Restrict clients allowed to make remote calls to SAM' is set to 'Administrators: Remote Access: Allow' (Automated)","Registry","O:BAG:BAD:(A;;RC;;;BA)","O:BAG:BAD:(A;;RC;;;BA)","PASS",""
"2.3.10.12","Enterprise - Set Default Settings","Ensure 'Network access: Sharing and security model for local accounts' is set to 'Classic - local users authenticate as themselves' (Automated)","Registry","0","0","PASS",""
"2.3.10.2","Enterprise - Set Default Settings","Ensure 'Network access: Do not allow anonymous enumeration of SAM accounts' is set to 'Enabled' (Automated)","Registry","1","1","PASS",""
"2.3.10.5","Enterprise - Set Default Settings","Ensure 'Network access: Let Everyone permissions apply to anonymous users' is set to 'Disabled' (Automated)","Registry","0","0","PASS",""
"2.3.10.7","Enterprise - Set Default Settings","Ensure 'Network access: Remotely accessible registry paths' is configured (Automated)","Registry","System\CurrentControlSet\Control\ProductOptions,","NOT FOUND","MISSING","Key/value not present"
"2.3.10.8","Enterprise - Set Default Settings","Ensure 'Network access: Remotely accessible registry paths and sub-paths' is configured (Automated)","Registry","System\CurrentControlSet\Control\Print\Printers,","NOT FOUND","MISSING","Key/value not present"
"2.3.10.9","Enterprise - Set Default Settings","Ensure 'Network access: Restrict anonymous access to Named Pipes and Shares' is set to 'Enabled' (Automated)","Registry","1","NOT FOUND","MISSING","Key/value not present"
"2.3.11.2","Enterprise - Set Default Settings","Ensure 'Network security: Allow LocalSystem NULL session fallback' is set to 'Disabled' (Automated)","Registry","0","0","PASS",""
"2.3.11.3","Enterprise - Set Default Settings","Ensure 'Network Security: Allow PKU2U authentication requests to this computer to use online identities' is set to 'Disabled' (Automated)","Registry","0","0","PASS",""
"2.3.11.6","Enterprise - Set Default Settings","Ensure 'Network security: Force logoff when logon hours expire' is set to 'Enabled' (Manual)","Other","Enabled. Computer Configuration\Policies\Windows Settings\Security Settings\Local Policies\Security Options\Network security","","MANUAL","Verify manually in Local Security Policy / Group Policy"
"2.3.15.1","Enterprise - Set Default Settings","Ensure 'System objects: Require case insensitivity for non-Windows subsystems' is set to 'Enabled' (Automated)","Registry","1","1","PASS",""
"2.3.15.2","Enterprise - Set Default Settings","Ensure 'System objects: Strengthen default permissions of internal system objects (e.g. Symbolic Links)' is set to 'Enabled' (Automated)","Registry","1","1","PASS",""
"2.3.17.5","Enterprise - Set Default Settings","Ensure 'User Account Control: Only elevate UIAccess applications that are installed in secure locations' is set to 'Enabled' (Automated)","Registry","1","NOT FOUND","MISSING","Key/value not present"
"2.3.17.6","Enterprise - Set Default Settings","Ensure 'User Account Control: Run all administrators in Admin Approval Mode' is set to 'Enabled' (Automated)","Registry","1","1","PASS",""
"2.3.17.7","Enterprise - Set Default Settings","Ensure 'User Account Control: Switch to the secure desktop when prompting for elevation' is set to 'Enabled' (Automated)","Registry","1","NOT FOUND","MISSING","Key/value not present"
"2.3.17.8","Enterprise - Set Default Settings","Ensure 'User Account Control: Virtualize file and registry write failures to per-user locations' is set to 'Enabled' (Automated)","Registry","1","NOT FOUND","MISSING","Key/value not present"
"2.3.2.1","Enterprise - Set Default Settings","Ensure 'Audit: Force audit policy subcategory settings (Windows Vista or later) to override audit policy category settings' is set to 'Enabled' (Automated)","Registry","1","1","PASS",""
"2.3.2.2","Enterprise - Set Default Settings","Ensure 'Audit: Shut down system immediately if unable to log security audits' is set to 'Disabled' (Automated)","Registry","0","0","PASS",""
"2.3.6.1","Enterprise - Set Default Settings","Ensure 'Domain member: Digitally encrypt or sign secure channel data (always)' is set to 'Enabled' (Automated)","Registry","1","1","PASS",""
"2.3.6.2","Enterprise - Set Default Settings","Ensure 'Domain member: Digitally encrypt secure channel data (when possible)' is set to 'Enabled' (Automated)","Registry","1","1","PASS",""
"2.3.6.3","Enterprise - Set Default Settings","Ensure 'Domain member: Digitally sign secure channel data (when possible)' is set to 'Enabled' (Automated)","Registry","1","1","PASS",""
"2.3.6.4","Enterprise - Set Default Settings","Ensure 'Domain member: Disable machine account password changes' is set to 'Disabled' (Automated)","Registry","0","NOT FOUND","MISSING","Key/value not present"
"2.3.6.5","Enterprise - Set Default Settings","Ensure 'Domain member: Maximum machine account password age' is set to '30 or fewer days, but not 0' (Automated)","Registry","30","30","PASS",""
"2.3.6.6","Enterprise - Set Default Settings","Ensure 'Domain member: Require strong (Windows 2000 or later) session key' is set to 'Enabled' (Automated)","Registry","1","1","PASS",""
"2.3.8.1","Enterprise - Security defaults","Ensure 'Microsoft network client: Digitally sign communications (always)' is set to 'Enabled' (Automated)","Registry","1","NOT FOUND","MISSING","Key/value not present"
"2.3.8.2","Enterprise - Security defaults","Ensure 'Microsoft network client: Digitally sign communications (if server agrees)' is set to 'Enabled' (Automated)","Registry","1","NOT FOUND","MISSING","Key/value not present"
"2.3.8.3","Enterprise - Security defaults","Ensure 'Microsoft network client: Send unencrypted password to third-party SMB servers' is set to 'Disabled' (Automated)","Registry","0","NOT FOUND","MISSING","Key/value not present"
"2.3.9.1","Enterprise - Security defaults","Ensure 'Microsoft network server: Amount of idle time required before suspending session' is set to '15 or fewer minute(s)' (Automated)","Registry","15","15","PASS",""
"2.3.9.2","Enterprise - Security defaults","Ensure 'Microsoft network server: Digitally sign communications (always)' is set to 'Enabled' (Automated)","Registry","1","NOT FOUND","MISSING","Key/value not present"
"2.3.9.3","Enterprise - Security defaults","Ensure 'Microsoft network server: Digitally sign communications (if client agrees)' is set to 'Enabled' (Automated)","Registry","1","NOT FOUND","MISSING","Key/value not present"
"2.3.9.4","Enterprise - Security defaults","Ensure 'Microsoft network server: Disconnect clients when logon hours expire' is set to 'Enabled' (Automated)","Registry","1","NOT FOUND","MISSING","Key/value not present"
"5.20","Enterprise-Services -workstation","Ensure 'Remote Procedure Call (RPC) Locator (RpcLocator)' is set to 'Disabled' (Automated)","Registry","4","4","PASS",""
"5.22","Enterprise-Services -workstation","Ensure 'Routing and Remote Access (RemoteAccess)' is set to 'Disabled' (Automated)","Registry","4","4","PASS",""
"5.27","Enterprise-Services -workstation","Ensure 'SSDP Discovery (SSDPSRV)' is set to 'Disabled' (Automated)","Registry","4","4","PASS",""
"5.28","Enterprise-Services -workstation","Ensure 'UPnP Device Host (upnphost)' is set to 'Disabled' (Automated)","Registry","4","4","PASS",""
"5.32","Enterprise-Services -workstation","Ensure 'Windows Media Player Network Sharing Service (WMPNetworkSvc)' is set to 'Disabled' or 'Not Installed' (Automated)","Registry","4","4","PASS",""
"5.33","Enterprise-Services -workstation","Ensure 'Windows Mobile Hotspot Service (icssvc)' is set to 'Disabled' (Automated)","Registry","4","4","PASS",""
"5.39","Enterprise-Services -workstation","Ensure 'Xbox Accessory Management Service (XboxGipSvc)' is set to 'Disabled' (Automated)","Registry","4","4","PASS",""
"5.40","Enterprise-Services -workstation","Ensure 'Xbox Live Auth Manager (XblAuthManager)' is set to 'Disabled' (Automated)","Registry","4","4","PASS",""
"5.41","Enterprise-Services -workstation","Ensure 'Xbox Live Game Save (XblGameSave)' is set to 'Disabled' (Automated)","Registry","4","4","PASS",""
"5.42","Enterprise-Services -workstation","Ensure 'Xbox Live Networking Service (XboxNetApiSvc)' is set to 'Disabled' (Automated)","Registry","4","4","PASS",""
"9.1.3","Enterprise  - Firewall Non Policy Settings","Ensure 'Windows Firewall: Domain: Settings: Display a notification' is set to 'No' (Automated)","Registry","1","NOT FOUND","MISSING","Key/value not present"
"9.1.4","Enterprise  - Firewall Non Policy Settings","Ensure 'Windows Firewall: Domain: Logging: Name' is set to '%SystemRoot%\System32\logfiles\firewall\domainfw.log' (Automated)","Registry","%SystemRoot%\System32\logfiles\firewall\domainfw","NOT FOUND","MISSING","Key/value not present"
"9.1.5","Enterprise  - Firewall Non Policy Settings","Ensure 'Windows Firewall: Domain: Logging: Size limit (KB)' is set to '16,384 KB or greater' (Automated)","Registry","16384","NOT FOUND","MISSING","Key/value not present"
"9.1.6","Enterprise  - Firewall Non Policy Settings","Ensure 'Windows Firewall: Domain: Logging: Log dropped packets' is set to 'Yes' (Automated)","Registry","1","NOT FOUND","MISSING","Key/value not present"
"9.1.7","Enterprise  - Firewall Non Policy Settings","Ensure 'Windows Firewall: Domain: Logging: Log successful connections' is set to 'Yes' (Automated)","Registry","1","NOT FOUND","MISSING","Key/value not present"
"9.2.3","Enterprise  - Firewall Non Policy Settings","Ensure 'Windows Firewall: Private: Settings: Display a notification' is set to 'No' (Automated)","Registry","1","NOT FOUND","MISSING","Key/value not present"
"9.2.4","Enterprise  - Firewall Non Policy Settings","Ensure 'Windows Firewall: Private: Logging: Name' is set to '%SystemRoot%\System32\logfiles\firewall\privatefw.log' (Automated)","Registry","%SystemRoot%\System32\logfiles\firewall\privatefw","NOT FOUND","MISSING","Key/value not present"
"9.2.5","Enterprise  - Firewall Non Policy Settings","Ensure 'Windows Firewall: Private: Logging: Size limit (KB)' is set to '16,384 KB or greater' (Automated)","Registry","16384","NOT FOUND","MISSING","Key/value not present"
"9.2.6","Enterprise  - Firewall Non Policy Settings","Ensure 'Windows Firewall: Private: Logging: Log dropped packets' is set to 'Yes' (Automated)","Registry","1","NOT FOUND","MISSING","Key/value not present"
"9.2.7","Enterprise  - Firewall Non Policy Settings","Ensure 'Windows Firewall: Private: Logging: Log successful connections' is set to 'Yes' (Automated)","Registry","1","NOT FOUND","MISSING","Key/value not present"
"9.3.3","Enterprise  - Firewall Non Policy Settings","Ensure 'Windows Firewall: Public: Settings: Display a notification' is set to 'No' (Automated)","Registry","1","NOT FOUND","MISSING","Key/value not present"
"9.3.4","Enterprise  - Firewall Non Policy Settings","Ensure 'Windows Firewall: Public: Settings: Apply local firewall rules' is set to 'No' (Automated)","Registry","0","NOT FOUND","MISSING","Key/value not present"
"9.3.5","Enterprise  - Firewall Non Policy Settings","Ensure 'Windows Firewall: Public: Settings: Apply local connection security rules' is set to 'No' (Automated)","Registry","0","NOT FOUND","MISSING","Key/value not present"
"9.3.6","Enterprise  - Firewall Non Policy Settings","Ensure 'Windows Firewall: Public: Logging: Name' is set to '%SystemRoot%\System32\logfiles\firewall\publicfw.log' (Automated)","Registry","%SystemRoot%\System32\logfiles\firewall\publicfw","NOT FOUND","MISSING","Key/value not present"
"9.3.7","Enterprise  - Firewall Non Policy Settings","Ensure 'Windows Firewall: Public: Logging: Size limit (KB)' is set to '16,384 KB or greater' (Automated)","Registry","16384","NOT FOUND","MISSING","Key/value not present"
"9.3.8","Enterprise  - Firewall Non Policy Settings","Ensure 'Windows Firewall: Public: Logging: Log dropped packets' is set to 'Yes' (Automated)","Registry","1","NOT FOUND","MISSING","Key/value not present"
"9.3.9","Enterprise  - Firewall Non Policy Settings","Ensure 'Windows Firewall: Public: Logging: Log successful connections' is set to 'Yes' (Automated)","Registry","1","NOT FOUND","MISSING","Key/value not present"
